{"bytes": 19.191063432734698, "push": 2.7996215853931123, "mov": 1.8170980369667211, "sub": 5.829034015226933, "call": 3.92926462060434, "leave": 8.592894590889967, "retn": 5.742511518814979, "cmp": 4.760006617726534, "sbb": 8.694521690611396, "test": 5.3514290463219165, "jz": 5.187946349325371, "ja": 9.427124920639017, "jbe": 9.228257779364958, "add": 4.940737253876233, "pop": 4.607191025820662, "pusha": 12.556252382562981, "xor": 5.157328575024522, "inc": 6.928619850942055, "shl": 7.646038647499642, "lea": 4.883635796988354, "imul": 5.430525392725411, "or": 6.932975922980235, "jnz": 5.725895635143761, "nop": 5.675086463979327, "jmp": 5.276357140460759, "movzx": 7.2982834750298595, "mul": 5.286387654958206, "shr": 8.307513253177442, "jnb": 8.899676863434498, "repe": 13.003711359534202, "and": 6.3560369612292416, "rep": 9.988174375214792, "dec": 7.798578295671925, "jle": 8.587958721860932, "jg": 9.89414722585541, "xchg": 8.064318634676885, "jb": 8.432111557847008, "neg": 9.246991979731567, "div": 11.623107357319233, "jl": 8.384413123653683, "movsd": 9.964500716179186, "movsb": 13.655788056113895, "movsw": 14.731631814097401, "setnbe": 17.699210336405024, "setb": 17.57635358861949, "adc": 9.534191707120717, "shrd": 15.174255145048145, "fild": 12.549914835323467, "jns": 11.025842364513755, "fld": 9.831588383885158, "faddp": 14.51510639979295, "fstp": 9.702093596342008, "fdivp": 16.296245669426757, "sar": 9.000852930447738, "movsx": 10.881871325774798, "setnz": 11.198125096568885, "js": 12.272945581702926, "bsr": 16.236867122347824, "fxam": 16.213783509234784, "fstsw": 15.272200195460105, "jge": 8.720849432811997, "setz": 11.502376009512163, "shld": 15.683268792536003, "fst": 13.364514945443783, "fsub": 13.606100932013543, "fmul": 11.914357412842268, "fadd": 12.22672256494228, "fnstcw": 15.971894912272537, "fldcw": 14.432840218007975, "fist": 16.798746009955938, "fldz": 14.625009394563607, "fucomp": 16.56170681265509, "fnstsw": 12.03119209595631, "fucompp": 15.476817915068576, "fxch": 11.280046024937713, "setbe": 16.98161006710575, "fistp": 16.03119209595631, "fucom": 15.981610067105748, "fchs": 15.219519878783927, "fdiv": 13.417924226015007, "fsubp": 15.29019662475395, "fsubrp": 16.869135337847336, "fsubr": 14.416276373133526, "sahf": 15.08253897595653, "jp": 13.40970371921004, "bsf": 17.606100932013543, "setnle": 11.229613738336504, "icebp": 14.163157436164814, "das": 14.06694212090551, "arpl": 14.522178448468452, "retf": 12.644168972847062, "stosb": 13.264767437953587, "clc": 11.05695803233289, "lodsb": 15.59115059054757, "popf": 9.264489453102689, "daa": 13.955049240834613, "fcmovne": 23.191063432734698, "aas": 13.62120782440375, "stosd": 11.030876856134038, "enter": 14.910292662604096, "lahf": 14.508068849053016, "jnp": 13.901044585802081, "cmpsb": 15.851213429850073, "int": 13.52395189065967, "lds": 15.469964244027514, "psubq": 18.490623714593607, "wait": 14.308420383372857, "sti": 14.511583333229252, "idiv": 12.408065223814285, "fidivr": 17.43617593057123, "scasb": 14.508068849053016, "out": 13.483704300653816, "rol": 10.730095670164276, "jno": 15.45635381250886, "les": 14.952658693409619, "cmc": 14.4395193736456, "repne": 13.598606395466618, "iret": 16.168695619706245, "xlat": 14.275184053898926, "loopne": 14.703223398911648, "fisttp": 18.606100932013543, "into": 15.383708510677094, "fisub": 18.869135337847336, "in": 13.64803161247946, "jo": 15.119601070178074, "cli": 15.07732126668551, "not": 9.481656472004957, "setnl": 14.743980206525046, "unicode": 12.264026264014404, "cdq": 10.556479239241, "ror": 11.175996899504408, "setalc": 14.03119209595631, "aaa": 13.871391311787704, "scasd": 15.914939027460461, "lock": 12.446229595235152, "cld": 6.453961359592428, "cwde": 14.210923855095542, "aam": 14.703223398911648, "lodsd": 15.163157436164814, "hlt": 16.636474581057062, "pushf": 9.267086063763463, "rcl": 15.098306291814847, "insb": 14.695208405847527, "bound": 16.146669313376247, "fdivr": 15.345573381790324, "stmxcsr": 16.225279148072612, "bswap": 16.260326095171813, "setle": 15.878180477450343, "aad": 14.651904621626667, "popa": 12.528395057217157, "stc": 10.370286131315613, "std": 5.785597838501177, "fcomp": 12.860146554620082, "loop": 17.28417283712618, "insd": 14.583733118985089, "sal": 14.59115059054757, "fnsave": 22.191063432734698, "scas": 21.191063432734698, "cmpsd": 15.021138431292387, "off": 12.194589944001471, "asc": 16.96224474223882, "rva": 13.55806823559174, "unk": 16.7316318140974, "outsb": 15.436175930571231, "ficomp": 18.7316318140974, "popfw": 23.191063432734698, "fldlg": 18.7316318140974, "fldenv": 16.57635358861949, "jecxz": 15.124974242276926, "loope": 16.248548927395458, "outsd": 14.377282241517662, "rcr": 14.041316313230016, "offset": 9.611276103207707, "ldmxcsr": 17.168695619706245, "fnclex": 17.57635358861949, "fstcw": 17.667501476677685, "fdivrp": 16.781672496596997, "fldpi": 19.28417283712618, "stru": 14.442870583145238, "riid": 20.869135337847336, "psz": 20.383708510677096, "setl": 13.219519878783927, "stosw": 14.50456290555148, "dbl": 17.28417283712618, "rclsid": 20.606100932013543, "pclsid": 23.191063432734698, "sz": 20.383708510677096, "pqit": 23.191063432734698, "seto": 15.851213429850073, "fisubr": 20.191063432734698, "fcom": 14.820376025927482, "fcomi": 20.383708510677096, "fiadd": 17.699210336405024, "fcmovnb": 21.191063432734698, "ffree": 23.191063432734698, "fidiv": 17.30842038337286, "cmps": 23.191063432734698, "lidt": 23.191063432734698, "fnstenv": 18.490623714593607, "stos": 21.606100932013543, "ficom": 20.191063432734698, "cvttsd": 19.191063432734698, "pxor": 17.57635358861949, "movdqa": 11.16938938987633, "bts": 16.96224474223882, "bt": 16.98161006710575, "movapd": 17.518638090763204, "cpuid": 16.924276892039796, "cmpsw": 16.011154342719763, "lodsw": 18.667501476677685, "cvtdq": 22.191063432734698, "fucomip": 20.869135337847336, "btr": 23.191063432734698, "ffreep": 15.84233527850362, "sysexit": 15.691217545651494, "lods": 17.7647986780326, "rsm": 22.191063432734698, "syscall": 21.191063432734698, "fimul": 16.924276892039796, "rsqrtps": 23.191063432734698, "called": 19.383708510677096, "cmova": 17.943135919291112, "cmovbe": 19.606100932013543, "cmovg": 23.191063432734698, "cmovb": 19.28417283712618, "setnp": 20.869135337847336, "fmulp": 15.896442683843071, "frndint": 19.10360059148436, "fscale": 18.146669313376247, "fabs": 16.851213429850073, "shufps": 23.191063432734698, "re": 21.606100932013543, "sldt": 21.606100932013543, "fprem": 18.383708510677096, "fpatan": 18.490623714593607, "fptan": 18.490623714593607, "outs": 19.490623714593607, "fyl": 17.28417283712618, "fldl": 19.021138431292385, "fldln": 17.943135919291112, "ftst": 18.547207242959974, "fsave": 18.943135919291112, "frstor": 18.667501476677685, "btc": 22.191063432734698, "movd": 13.705234124032794, "movq": 11.586973571265519, "punpcklbw": 16.56170681265509, "punpckhbw": 17.168695619706245, "emms": 19.10360059148436, "vpcext": 21.606100932013543, "hnt": 19.383708510677096, "ht": 19.191063432734698, "pushaw": 23.191063432734698, "movss": 18.798746009955938, "paddq": 13.83131387241237, "psrlq": 12.910292662604096, "pshufd": 16.248548927395458, "pmuludq": 12.309184725134253, "pand": 12.51334379109369, "psrld": 12.50281312360152, "punpckhqdq": 12.45635381250886, "paddd": 10.779287657158171, "pslldq": 13.231061500666618, "movhlps": 15.90566121387245, "movhps": 16.011154342719763, "psllq": 16.98161006710575, "pcmpgtd": 20.021138431292385, "por": 19.869135337847336, "cvtps": 22.191063432734698, "used": 23.191063432734698, "available": 22.191063432734698, "launched": 23.191063432734698, "set": 23.191063432734698, "installed": 20.383708510677096, "required": 23.191063432734698, "installable": 23.191063432734698, "ex": 23.191063432734698, "copied": 23.191063432734698, "overwritten": 23.191063432734698, "replaced": 23.191063432734698, "rein": 23.191063432734698, "installing": 23.191063432734698, "functional": 23.191063432734698,